{
  "format_version": "1.21.80",
  "minecraft:lighting_settings": {
    "description": {
      "identifier": "xc:cherry_lighting"
    },
    "directional_lights": {
      "orbital": {
        "sun": {
          "illuminance": {
            "0.000000": 82,
            "0.150000": 72,
            "0.190000": 58,
            "0.220000": 36,
            "0.230000": 20,
            "0.240000": 8,
            "0.250000": 2.0,
            "0.260000": 0.6,
            "0.300000": 0.3,
            "0.500000": 0.3,
            "0.700000": 0.3,
            "0.740000": 2.0,
            "0.750000": 8,
            "0.760000": 20,
            "0.780000": 44,
            "0.800000": 72,
            "0.827000": 84
          },
          "color": {
            "0.000000": [
              255,
              218,
              210
            ],
            "0.150000": [
              255,
              205,
              195
            ],
            "0.190000": [
              255,
              188,
              175
            ],
            "0.220000": [
              255,
              148,
              88
            ],
            "0.230000": [
              252,
              108,
              55
            ],
            "0.240000": [
              248,
              78,
              28
            ],
            "0.250000": [
              228,
              55,
              15
            ],
            "0.300000": [
              88,
              28,
              15
            ],
            "0.500000": [
              65,
              22,
              10
            ],
            "0.700000": [
              65,
              22,
              10
            ],
            "0.740000": [
              228,
              55,
              15
            ],
            "0.750000": [
              252,
              78,
              22
            ],
            "0.760000": [
              255,
              115,
              55
            ],
            "0.800000": [
              255,
              198,
              178
            ],
            "0.827000": [
              255,
              215,
              198
            ]
          }
        },
        "moon": {
          "illuminance": {
            "0.000000": 0.48,
            "0.250000": 0.48,
            "0.300000": 0.32,
            "0.500000": 0.28,
            "0.700000": 0.28,
            "0.750000": 0.48
          },
          "color": {
            "0.000000": [
              188,
              168,
              215
            ],
            "0.500000": [
              175,
              155,
              205
            ],
            "1.000000": [
              188,
              168,
              215
            ]
          }
        },
        "orbital_offset_degrees": {
          "0.000000": 50.0,
          "0.220000": 30.0,
          "0.500000": 50.0,
          "0.780000": 30.0,
          "0.827000": 50.0
        }
      },
      "flash": {
        "illuminance": 0.0,
        "color": [
          220,
          160,
          255
        ]
      }
    },
    "emissive": {
      "desaturation": 0.15
    },
    "ambient": {
      "illuminance": 0.105,
      "color": [
        118,
        72,
        108
      ]
    },
    "sky": {
      "intensity": 0.48
    },
    "sun_rays": {
      "enabled": true,
      "color": [
        255,
        205,
        220
      ],
      "intensity": 0.95,
      "scatter_strength": 0.42
    }
  }
}