{
  "format_version": "1.21.80",
  "minecraft:lighting_settings": {
    "description": {
      "identifier": "xc:global_lighting"
    },
    "directional_lights": {
      "orbital": {
        "sun": {
          "illuminance": {
            "0.000000": 112,
            "0.150000": 96,
            "0.190000": 80,
            "0.220000": 48,
            "0.230000": 30,
            "0.240000": 14,
            "0.250000": 3.0,
            "0.260000": 1.0,
            "0.300000": 0.4,
            "0.350000": 0.4,
            "0.500000": 0.4,
            "0.650000": 0.4,
            "0.700000": 0.4,
            "0.720000": 0.8,
            "0.740000": 3.0,
            "0.750000": 14,
            "0.760000": 30,
            "0.780000": 62,
            "0.800000": 98,
            "0.827000": 115
          },
          "color": {
            "0.000000": [
              255,
              220,
              182
            ],
            "0.150000": [
              255,
              208,
              160
            ],
            "0.190000": [
              255,
              192,
              135
            ],
            "0.220000": [
              255,
              148,
              80
            ],
            "0.230000": [
              255,
              112,
              45
            ],
            "0.240000": [
              255,
              78,
              20
            ],
            "0.250000": [
              225,
              58,
              12
            ],
            "0.300000": [
              82,
              30,
              8
            ],
            "0.500000": [
              62,
              24,
              8
            ],
            "0.700000": [
              62,
              24,
              8
            ],
            "0.740000": [
              225,
              58,
              12
            ],
            "0.750000": [
              255,
              75,
              18
            ],
            "0.760000": [
              255,
              108,
              42
            ],
            "0.770000": [
              255,
              148,
              74
            ],
            "0.800000": [
              255,
              196,
              138
            ],
            "0.827000": [
              255,
              218,
              178
            ]
          }
        },
        "moon": {
          "illuminance": {
            "0.000000": 0.72,
            "0.250000": 0.72,
            "0.270000": 0.38,
            "0.300000": 0.52,
            "0.500000": 0.4,
            "0.700000": 0.4,
            "0.720000": 0.52,
            "0.750000": 0.72,
            "0.810000": 0.55
          },
          "color": {
            "0.000000": [
              165,
              188,
              245
            ],
            "0.250000": [
              142,
              170,
              232
            ],
            "0.350000": [
              138,
              165,
              228
            ],
            "0.500000": [
              152,
              178,
              238
            ],
            "0.650000": [
              138,
              165,
              228
            ],
            "0.750000": [
              142,
              170,
              232
            ],
            "1.000000": [
              148,
              175,
              238
            ]
          }
        },
        "orbital_offset_degrees": {
          "0.000000": 50.0,
          "0.220000": 30.0,
          "0.500000": 50.0,
          "0.780000": 30.0,
          "0.827000": 50.0
        }
      },
      "flash": {
        "illuminance": 0.0,
        "color": [
          200,
          160,
          255
        ]
      }
    },
    "emissive": {
      "desaturation": 0.18
    },
    "ambient": {
      "illuminance": 0.088,
      "color": [
        72,
        86,
        118
      ]
    },
    "sky": {
      "intensity": 0.44
    },
    "sun_rays": {
      "enabled": true,
      "color": [
        255,
        215,
        165
      ],
      "intensity": 0.9,
      "scatter_strength": 0.24
    }
  }
}