{
  "format_version": "1.21.80",
  "minecraft:lighting_settings": {
    "description": {
      "identifier": "xc:taiga_lighting"
    },
    "directional_lights": {
      "orbital": {
        "sun": {
          "illuminance": {
            "0.000000": 88,
            "0.150000": 78,
            "0.190000": 62,
            "0.220000": 38,
            "0.230000": 22,
            "0.240000": 10,
            "0.250000": 2.5,
            "0.260000": 0.8,
            "0.300000": 0.3,
            "0.500000": 0.3,
            "0.700000": 0.3,
            "0.740000": 2.5,
            "0.750000": 10,
            "0.760000": 22,
            "0.780000": 48,
            "0.800000": 80,
            "0.827000": 90
          },
          "color": {
            "0.000000": [
              235,
              222,
              195
            ],
            "0.150000": [
              228,
              210,
              175
            ],
            "0.190000": [
              220,
              188,
              148
            ],
            "0.220000": [
              235,
              145,
              75
            ],
            "0.230000": [
              240,
              108,
              42
            ],
            "0.240000": [
              242,
              72,
              18
            ],
            "0.250000": [
              215,
              52,
              10
            ],
            "0.300000": [
              72,
              26,
              8
            ],
            "0.500000": [
              55,
              20,
              6
            ],
            "0.700000": [
              55,
              20,
              6
            ],
            "0.740000": [
              215,
              52,
              10
            ],
            "0.750000": [
              240,
              70,
              16
            ],
            "0.760000": [
              242,
              102,
              38
            ],
            "0.800000": [
              235,
              185,
              128
            ],
            "0.827000": [
              238,
              212,
              172
            ]
          }
        },
        "moon": {
          "illuminance": {
            "0.000000": 0.52,
            "0.250000": 0.52,
            "0.300000": 0.38,
            "0.500000": 0.3,
            "0.700000": 0.3,
            "0.750000": 0.52
          },
          "color": {
            "0.000000": [
              145,
              182,
              225
            ],
            "0.500000": [
              132,
              168,
              215
            ],
            "1.000000": [
              145,
              182,
              225
            ]
          }
        },
        "orbital_offset_degrees": {
          "0.000000": 50.0,
          "0.220000": 30.0,
          "0.500000": 50.0,
          "0.780000": 30.0,
          "0.827000": 50.0
        }
      },
      "flash": {
        "illuminance": 0.0,
        "color": [
          200,
          160,
          255
        ]
      }
    },
    "emissive": {
      "desaturation": 0.22
    },
    "ambient": {
      "illuminance": 0.095,
      "color": [
        62,
        92,
        78
      ]
    },
    "sky": {
      "intensity": 0.52
    },
    "sun_rays": {
      "enabled": true,
      "color": [
        218,
        238,
        205
      ],
      "intensity": 1.05,
      "scatter_strength": 0.38
    }
  }
}